{
    "m": 52.5,
    "min_wavelength": 0.436,
    "na": 0.9,
    "ng": null,
    "ng0": 1.0,
    "ni": null,
    "ni0": 1.0,
    "ns": 1.0,
    "num_basis": 100,
    "num_samples": 1000,
    "oversampling": 2,
    "pz": 0,
    "res_axial": 0.2928780487804878,
    "res_lateral": 0.0844685546875,
    "size_x": 2048,
    "size_y": 2048,
    "size_z": 41,
    "tg": null,
    "tg0": 0,
    "ti0": 280.0,
    "wavelength": 0.514
}